place,area,category,subcategory,city,lat-long,images,description,activities,timings,address,contact,meals,accomodation
Asgard Entertainment,T Nagar,Gaming,Gaming,Chennai,"[13.0827,80.2707]",[‘assets/default.png’],Spend some awesome time during the weekend,Enjoy your weekend by visiting this place at saturday morning,9:00 am to 9:00 pm,"No 2/2, 2nd avenue, Chennai",Ph: 044-7364455464,Near by restaurants,
Blur @ Sathyam,Royapettah,Gaming,Gaming,Chennai,"[13.0827,80.2707]",[‘assets/default.png’],Spend some awesome time during the weekend,Enjoy your weekend by visiting this place at saturday morning,10:00 am to 9:00 pm,"No 2/2, 2nd avenue, Chennai",Ph: 0441,Near by restaurants,
Control - X,Ashok Nagar,Gaming,Gaming,Chennai,"[13.0827,80.2707]",[‘assets/default.png’],Spend some awesome time during the weekend,Enjoy your weekend by visiting this place at saturday morning,11:00 am to 9:00 pm,"No 2/2, 2nd avenue, Chennai",Ph: 0442,Near by restaurants,
Deep Gaming & Computers,Gopalapuram,Gaming,Gaming,Chennai,"[13.0827,80.2707]",[‘assets/default.png’],Spend some awesome time during the weekend,Enjoy your weekend by visiting this place at saturday morning,12:00 am to 9:00 pm,"No 2/2, 2nd avenue, Chennai",Ph: 0443,Near by restaurants,
Dfuse Gaming Lounge,Adyar,Gaming,Gaming,Chennai,"[13.0827,80.2707]",[‘assets/default.png’],Spend some awesome time during the weekend,Enjoy your weekend by visiting this place at saturday morning,13:00 am to 9:00 pm,"No 2/2, 2nd avenue, Chennai",Ph: 0444,Near by restaurants,
Elite Gamer (Gaming lounge),Thuraipakkam,Gaming,Gaming,Chennai,"[13.0827,80.2707]",[‘assets/default.png’],Spend some awesome time during the weekend,Enjoy your weekend by visiting this place at saturday morning,14:00 am to 9:00 pm,"No 2/2, 2nd avenue, Chennai",Ph: 0445,Near by restaurants,
Freeing India,Ispahani Centre,Gaming,Gaming,Chennai,"[13.0827,80.2707]",[‘assets/default.png’],Spend some awesome time during the weekend,Enjoy your weekend by visiting this place at saturday morning,15:00 am to 9:00 pm,"No 2/2, 2nd avenue, Chennai",Ph: 0446,Near by restaurants,
Fun City @ Chennai citi centre,Mylapore,Gaming,Gaming,Chennai,"[13.0827,80.2707]",[‘assets/default.png’],Spend some awesome time during the weekend,Enjoy your weekend by visiting this place at saturday morning,16:00 am to 9:00 pm,"No 2/2, 2nd avenue, Chennai",Ph: 0447,Near by restaurants,
G-Sector Laser Tag,Thousand Lights,Gaming,Gaming,Chennai,"[13.0827,80.2707]",[‘assets/default.png’],Spend some awesome time during the weekend,Enjoy your weekend by visiting this place at saturday morning,17:00 am to 9:00 pm,"No 2/2, 2nd avenue, Chennai",Ph: 0448,Near by restaurants,
Headshot Paintball,ECR,Gaming,Gaming,Chennai,"[13.0827,80.2707]",[‘assets/default.png’],Spend some awesome time during the weekend,Enjoy your weekend by visiting this place at saturday morning,18:00 am to 9:00 pm,"No 2/2, 2nd avenue, Chennai",Ph: 0449,Near by restaurants,
LXG - League of Extraordinary Gamers,Nungambakkam,Gaming,Gaming,Chennai,"[13.0827,80.2707]",[‘assets/default.png’],Spend some awesome time during the weekend,Enjoy your weekend by visiting this place at saturday morning,19:00 am to 9:00 pm,"No 2/2, 2nd avenue, Chennai",Ph: 0441,Near by restaurants,
Pandora @ Ampa Skywalk,Aminjikarai,Gaming,Gaming,Chennai,"[13.0827,80.2707]",[‘assets/default.png’],Spend some awesome time during the weekend,Enjoy your weekend by visiting this place at saturday morning,20:00 am to 9:00 pm,"No 2/2, 2nd avenue, Chennai",Ph: 0442,Near by restaurants,
Planet Adventure Paintball,Kottivakkam Beach,Gaming,Gaming,Chennai,"[13.0827,80.2707]",[‘assets/default.png’],Spend some awesome time during the weekend,Enjoy your weekend by visiting this place at saturday morning,21:00 am to 9:00 pm,"No 2/2, 2nd avenue, Chennai",Ph: 0443,Near by restaurants,
Rumble Gaming Café by Ctrl Alt Elite,Adyar,Gaming,Gaming,Chennai,"[13.0827,80.2707]",[‘assets/default.png’],Spend some awesome time during the weekend,Enjoy your weekend by visiting this place at saturday morning,22:00 am to 9:00 pm,"No 2/2, 2nd avenue, Chennai",Ph: 0444,Near by restaurants,
Wild Tribe Ranch,ECR,Gaming,Gaming,Chennai,"[13.0827,80.2707]",[‘assets/default.png’],Spend some awesome time during the weekend,Enjoy your weekend by visiting this place at saturday morning,23:00 am to 9:00 pm,"No 2/2, 2nd avenue, Chennai",Ph: 0445,Near by restaurants,
Billiards Parlour & Browsing centre,Chepauk,Gaming,Bowling and Pool Parlours,Chennai,"[13.0827,80.2707]",[‘assets/default.png’],Spend some awesome time during the weekend,Enjoy your weekend by visiting this place at saturday morning,24:00 am to 9:00 pm,"No 2/2, 2nd avenue, Chennai",Ph: 0446,Near by restaurants,
Billiards point,Llyods road,Gaming,Bowling and Pool Parlours,Chennai,"[13.0827,80.2707]",[‘assets/default.png’],Spend some awesome time during the weekend,Enjoy your weekend by visiting this place at saturday morning,25:00 am to 9:00 pm,"No 2/2, 2nd avenue, Chennai",Ph: 0447,Near by restaurants,
Break point,Spur Tank road,Gaming,Bowling and Pool Parlours,Chennai,"[13.0827,80.2707]",[‘assets/default.png’],Spend some awesome time during the weekend,Enjoy your weekend by visiting this place at saturday morning,26:00 am to 9:00 pm,"No 2/2, 2nd avenue, Chennai",Ph: 0448,Near by restaurants,
Cybercue,T Nagar,Gaming,Bowling and Pool Parlours,Chennai,"[13.0827,80.2707]",[‘assets/default.png’],Spend some awesome time during the weekend,Enjoy your weekend by visiting this place at saturday morning,27:00 am to 9:00 pm,"No 2/2, 2nd avenue, Chennai",Ph: 0449,Near by restaurants,
Down Under,Egmore,Gaming,Bowling and Pool Parlours,Chennai,"[13.0827,80.2707]",[‘assets/default.png’],Spend some awesome time during the weekend,Enjoy your weekend by visiting this place at saturday morning,28:00 am to 9:00 pm,"No 2/2, 2nd avenue, Chennai",Ph: 0450,Near by restaurants,
Plot Black Billiards Parlour,Triplicane,Gaming,Bowling and Pool Parlours,Chennai,"[13.0827,80.2707]",[‘assets/default.png’],Spend some awesome time during the weekend,Enjoy your weekend by visiting this place at saturday morning,29:00 am to 9:00 pm,"No 2/2, 2nd avenue, Chennai",Ph: 0442,Near by restaurants,
QIN Snooker Parlour,Anna Nagar East,Gaming,Bowling and Pool Parlours,Chennai,"[13.0827,80.2707]",[‘assets/default.png’],Spend some awesome time during the weekend,Enjoy your weekend by visiting this place at saturday morning,30:00 am to 9:00 pm,"No 2/2, 2nd avenue, Chennai",Ph: 0443,Near by restaurants,
Snow Bowling,M Centre,Gaming,Bowling and Pool Parlours,Chennai,"[13.0827,80.2707]",[‘assets/default.png’],Spend some awesome time during the weekend,Enjoy your weekend by visiting this place at saturday morning,31:00 am to 9:00 pm,"No 2/2, 2nd avenue, Chennai",Ph: 0441,Near by restaurants,
Turning Point Food & Entertainment,Adyar,Gaming,Bowling and Pool Parlours,Chennai,"[13.0827,80.2707]",[‘assets/default.png’],Spend some awesome time during the weekend,Enjoy your weekend by visiting this place at saturday morning,32:00 am to 9:00 pm,"No 2/2, 2nd avenue, Chennai",Ph: 0442,Near by restaurants,
Web World Web,Egmore,Gaming,Bowling and Pool Parlours,Chennai,"[13.0827,80.2707]",[‘assets/default.png’],Spend some awesome time during the weekend,Enjoy your weekend by visiting this place at saturday morning,33:00 am to 9:00 pm,"No 2/2, 2nd avenue, Chennai",Ph: 0443,Near by restaurants,
Wild West,Spencer plaza,Gaming,Bowling and Pool Parlours,Chennai,"[13.0827,80.2707]",[‘assets/default.png’],Spend some awesome time during the weekend,Enjoy your weekend by visiting this place at saturday morning,34:00 am to 9:00 pm,"No 2/2, 2nd avenue, Chennai",Ph: 0444,Near by restaurants,
Go Karting,ECR,Gaming,Karting,Chennai,"[13.0827,80.2707]",[‘assets/default.png’],Spend some awesome time during the weekend,Enjoy your weekend by visiting this place at saturday morning,35:00 am to 9:00 pm,"No 2/2, 2nd avenue, Chennai",Ph: 0445,Near by restaurants,
Kart Beat,AVM Studio complex,Gaming,Karting,Chennai,"[13.0827,80.2707]",[‘assets/default.png’],Spend some awesome time during the weekend,Enjoy your weekend by visiting this place at saturday morning,36:00 am to 9:00 pm,"No 2/2, 2nd avenue, Chennai",Ph: 0446,Near by restaurants,
MRF Danny's Karting,ECR,Gaming,Karting,Chennai,"[13.0827,80.2707]",[‘assets/default.png’],Spend some awesome time during the weekend,Enjoy your weekend by visiting this place at saturday morning,37:00 am to 9:00 pm,"No 2/2, 2nd avenue, Chennai",Ph: 0447,Near by restaurants,
Amaara,Alwarpet,Shopping,Designer stores,Chennai,"[13.0827,80.2707]",[‘assets/default.png’],Spend some awesome time during the weekend,Enjoy your weekend by visiting this place at saturday morning,38:00 am to 9:00 pm,"No 2/2, 2nd avenue, Chennai",Ph: 0448,Near by restaurants,
Ambrosia,Nungambakkam,Shopping,Designer stores,Chennai,"[13.0827,80.2707]",[‘assets/default.png’],Spend some awesome time during the weekend,Enjoy your weekend by visiting this place at saturday morning,39:00 am to 9:00 pm,"No 2/2, 2nd avenue, Chennai",Ph: 0449,Near by restaurants,
Amethyst,Nungambakkam,Shopping,Designer stores,Chennai,"[13.0827,80.2707]",[‘assets/default.png’],Spend some awesome time during the weekend,Enjoy your weekend by visiting this place at saturday morning,40:00 am to 9:00 pm,"No 2/2, 2nd avenue, Chennai",Ph: 0450,Near by restaurants,
Anokhi,Chamiers Road,Shopping,Designer stores,Chennai,"[13.0827,80.2707]",[‘assets/default.png’],Spend some awesome time during the weekend,Enjoy your weekend by visiting this place at saturday morning,41:00 am to 9:00 pm,"No 2/2, 2nd avenue, Chennai",Ph: 0442,Near by restaurants,
Brass Tacks,CP Ramaswamy Road,Shopping,Designer stores,Chennai,"[13.0827,80.2707]",[‘assets/default.png’],Spend some awesome time during the weekend,Enjoy your weekend by visiting this place at saturday morning,42:00 am to 9:00 pm,"No 2/2, 2nd avenue, Chennai",Ph: 0443,Near by restaurants,
Collage,Egmore,Shopping,Designer stores,Chennai,"[13.0827,80.2707]",[‘assets/default.png’],Spend some awesome time during the weekend,Enjoy your weekend by visiting this place at saturday morning,43:00 am to 9:00 pm,"No 2/2, 2nd avenue, Chennai",Ph: 0444,Near by restaurants,
Evoluzione Clothing,Nungambakkam,Shopping,Designer stores,Chennai,"[13.0827,80.2707]",[‘assets/default.png’],Spend some awesome time during the weekend,Enjoy your weekend by visiting this place at saturday morning,44:00 am to 9:00 pm,"No 2/2, 2nd avenue, Chennai",Ph: 0445,Near by restaurants,
gabbana.life,Nungambakkam,Shopping,Designer stores,Chennai,"[13.0827,80.2707]",[‘assets/default.png’],Spend some awesome time during the weekend,Enjoy your weekend by visiting this place at saturday morning,45:00 am to 9:00 pm,"No 2/2, 2nd avenue, Chennai",Ph: 0446,Near by restaurants,
Lagan,T Nagar,Shopping,Designer stores,Chennai,"[13.0827,80.2707]",[‘assets/default.png’],Spend some awesome time during the weekend,Enjoy your weekend by visiting this place at saturday morning,46:00 am to 9:00 pm,"No 2/2, 2nd avenue, Chennai",Ph: 0447,Near by restaurants,
Rehane,Nungambakkam,Shopping,Designer stores,Chennai,"[13.0827,80.2707]",[‘assets/default.png’],Spend some awesome time during the weekend,Enjoy your weekend by visiting this place at saturday morning,47:00 am to 9:00 pm,"No 2/2, 2nd avenue, Chennai",Ph: 0448,Near by restaurants,
Ritu Kumar,Nungambakkam,Shopping,Designer stores,Chennai,"[13.0827,80.2707]",[‘assets/default.png’],Spend some awesome time during the weekend,Enjoy your weekend by visiting this place at saturday morning,48:00 am to 9:00 pm,"No 2/2, 2nd avenue, Chennai",Ph: 0449,Near by restaurants,
Sidney Sladen,Alwarpet,Shopping,Designer stores,Chennai,"[13.0827,80.2707]",[‘assets/default.png’],Spend some awesome time during the weekend,Enjoy your weekend by visiting this place at saturday morning,49:00 am to 9:00 pm,"No 2/2, 2nd avenue, Chennai",Ph: 0450,Near by restaurants,
Tifara Designer Botique,Nungambakkam,Shopping,Designer stores,Chennai,"[13.0827,80.2707]",[‘assets/default.png’],Spend some awesome time during the weekend,Enjoy your weekend by visiting this place at saturday morning,50:00 am to 9:00 pm,"No 2/2, 2nd avenue, Chennai",Ph: 0451,Near by restaurants,
Viari,Mylapore,Shopping,Designer stores,Chennai,"[13.0827,80.2707]",[‘assets/default.png’],Spend some awesome time during the weekend,Enjoy your weekend by visiting this place at saturday morning,51:00 am to 9:00 pm,"No 2/2, 2nd avenue, Chennai",Ph: 0443,Near by restaurants,
Asharaa Ambience,Nungambakkam,Shopping,Lifestyles stores,Chennai,"[13.0827,80.2707]",[‘assets/default.png’],Spend some awesome time during the weekend,Enjoy your weekend by visiting this place at saturday morning,52:00 am to 9:00 pm,"No 2/2, 2nd avenue, Chennai",Ph: 0444,Near by restaurants,
Asharaa Living,Abhiramapuram,Shopping,Lifestyles stores,Chennai,"[13.0827,80.2707]",[‘assets/default.png’],Spend some awesome time during the weekend,Enjoy your weekend by visiting this place at saturday morning,53:00 am to 9:00 pm,"No 2/2, 2nd avenue, Chennai",Ph: 0442,Near by restaurants,
Atmosphere,Nungambakkam,Shopping,Lifestyles stores,Chennai,"[13.0827,80.2707]",[‘assets/default.png’],Spend some awesome time during the weekend,Enjoy your weekend by visiting this place at saturday morning,54:00 am to 9:00 pm,"No 2/2, 2nd avenue, Chennai",Ph: 0443,Near by restaurants,
Chamiers,Chamiers Road,Shopping,Lifestyles stores,Chennai,"[13.0827,80.2707]",[‘assets/default.png’],Spend some awesome time during the weekend,Enjoy your weekend by visiting this place at saturday morning,55:00 am to 9:00 pm,"No 2/2, 2nd avenue, Chennai",Ph: 0444,Near by restaurants,
Fab India,T Nagar,Shopping,Lifestyles stores,Chennai,"[13.0827,80.2707]",[‘assets/default.png’],Spend some awesome time during the weekend,Enjoy your weekend by visiting this place at saturday morning,56:00 am to 9:00 pm,"No 2/2, 2nd avenue, Chennai",Ph: 0445,Near by restaurants,
Good Earth,Nungambakkam,Shopping,Lifestyles stores,Chennai,"[13.0827,80.2707]",[‘assets/default.png’],Spend some awesome time during the weekend,Enjoy your weekend by visiting this place at saturday morning,57:00 am to 9:00 pm,"No 2/2, 2nd avenue, Chennai",Ph: 0446,Near by restaurants,
Kalpadruma,Besant Nagar,Shopping,Lifestyles stores,Chennai,"[13.0827,80.2707]",[‘assets/default.png’],Spend some awesome time during the weekend,Enjoy your weekend by visiting this place at saturday morning,58:00 am to 9:00 pm,"No 2/2, 2nd avenue, Chennai",Ph: 0447,Near by restaurants,
Manjal ,MRC Nagar,Shopping,Lifestyles stores,Chennai,"[13.0827,80.2707]",[‘assets/default.png’],Spend some awesome time during the weekend,Enjoy your weekend by visiting this place at saturday morning,59:00 am to 9:00 pm,"No 2/2, 2nd avenue, Chennai",Ph: 0448,Near by restaurants,
A & A Boutique,Nungambakkam,Shopping,For Women,Chennai,"[13.0827,80.2707]",[‘assets/default.png’],Spend some awesome time during the weekend,Enjoy your weekend by visiting this place at saturday morning,60:00 am to 9:00 pm,"No 2/2, 2nd avenue, Chennai",Ph: 0449,Near by restaurants,
Aawaranaa,Alwarpet,Shopping,For Women,Chennai,"[13.0827,80.2707]",[‘assets/default.png’],Spend some awesome time during the weekend,Enjoy your weekend by visiting this place at saturday morning,61:00 am to 9:00 pm,"No 2/2, 2nd avenue, Chennai",Ph: 0450,Near by restaurants,
Azure,Alwarpet,Shopping,For Women,Chennai,"[13.0827,80.2707]",[‘assets/default.png’],Spend some awesome time during the weekend,Enjoy your weekend by visiting this place at saturday morning,62:00 am to 9:00 pm,"No 2/2, 2nd avenue, Chennai",Ph: 0451,Near by restaurants,
B3 Fashion Studio,Purasawakkam,Shopping,For Women,Chennai,"[13.0827,80.2707]",[‘assets/default.png’],Spend some awesome time during the weekend,Enjoy your weekend by visiting this place at saturday morning,63:00 am to 9:00 pm,"No 2/2, 2nd avenue, Chennai",Ph: 0443,Near by restaurants,
Clio,Mylapore,Shopping,For Women,Chennai,"[13.0827,80.2707]",[‘assets/default.png’],Spend some awesome time during the weekend,Enjoy your weekend by visiting this place at saturday morning,64:00 am to 9:00 pm,"No 2/2, 2nd avenue, Chennai",Ph: 0444,Near by restaurants,
Diva,Vadapalani,Shopping,For Women,Chennai,"[13.0827,80.2707]",[‘assets/default.png’],Spend some awesome time during the weekend,Enjoy your weekend by visiting this place at saturday morning,65:00 am to 9:00 pm,"No 2/2, 2nd avenue, Chennai",Ph: 0445,Near by restaurants,
Kalpadruma,Besant Nagar,Shopping,For Women,Chennai,"[13.0827,80.2707]",[‘assets/default.png’],Spend some awesome time during the weekend,Enjoy your weekend by visiting this place at saturday morning,66:00 am to 9:00 pm,"No 2/2, 2nd avenue, Chennai",Ph: 0446,Near by restaurants,
Karishma,Nungambakkam,Shopping,For Women,Chennai,"[13.0827,80.2707]",[‘assets/default.png’],Spend some awesome time during the weekend,Enjoy your weekend by visiting this place at saturday morning,67:00 am to 9:00 pm,"No 2/2, 2nd avenue, Chennai",Ph: 0447,Near by restaurants,
Kay,Cathedral Road,Shopping,For Women,Chennai,"[13.0827,80.2707]",[‘assets/default.png’],Spend some awesome time during the weekend,Enjoy your weekend by visiting this place at saturday morning,68:00 am to 9:00 pm,"No 2/2, 2nd avenue, Chennai",Ph: 0448,Near by restaurants,
Mokshaa,Cathedral Road,Shopping,For Women,Chennai,"[13.0827,80.2707]",[‘assets/default.png’],Spend some awesome time during the weekend,Enjoy your weekend by visiting this place at saturday morning,69:00 am to 9:00 pm,"No 2/2, 2nd avenue, Chennai",Ph: 0449,Near by restaurants,
Naihaa,T Nagar,Shopping,For Women,Chennai,"[13.0827,80.2707]",[‘assets/default.png’],Spend some awesome time during the weekend,Enjoy your weekend by visiting this place at saturday morning,70:00 am to 9:00 pm,"No 2/2, 2nd avenue, Chennai",Ph: 0450,Near by restaurants,
Nalli Next,Alwarpet,Shopping,For Women,Chennai,"[13.0827,80.2707]",[‘assets/default.png’],Spend some awesome time during the weekend,Enjoy your weekend by visiting this place at saturday morning,71:00 am to 9:00 pm,"No 2/2, 2nd avenue, Chennai",Ph: 0451,Near by restaurants,
Prisha,Egmore,Shopping,For Women,Chennai,"[13.0827,80.2707]",[‘assets/default.png’],Spend some awesome time during the weekend,Enjoy your weekend by visiting this place at saturday morning,72:00 am to 9:00 pm,"No 2/2, 2nd avenue, Chennai",Ph: 0452,Near by restaurants,
Rangoli Sarees,Nungambakkam,Shopping,For Women,Chennai,"[13.0827,80.2707]",[‘assets/default.png’],Spend some awesome time during the weekend,Enjoy your weekend by visiting this place at saturday morning,73:00 am to 9:00 pm,"No 2/2, 2nd avenue, Chennai",Ph: 0444,Near by restaurants,
RMKV Wedding Silks,T Nagar,Shopping,For Women,Chennai,"[13.0827,80.2707]",[‘assets/default.png’],Spend some awesome time during the weekend,Enjoy your weekend by visiting this place at saturday morning,74:00 am to 9:00 pm,"No 2/2, 2nd avenue, Chennai",Ph: 0445,Near by restaurants,
Rangachari Cloth Store,Mylapore,Shopping,For Women,Chennai,"[13.0827,80.2707]",[‘assets/default.png’],Spend some awesome time during the weekend,Enjoy your weekend by visiting this place at saturday morning,75:00 am to 9:00 pm,"No 2/2, 2nd avenue, Chennai",Ph: 0443,Near by restaurants,
Sanskrutie,Alwarpet,Shopping,For Women,Chennai,"[13.0827,80.2707]",[‘assets/default.png’],Spend some awesome time during the weekend,Enjoy your weekend by visiting this place at saturday morning,76:00 am to 9:00 pm,"No 2/2, 2nd avenue, Chennai",Ph: 0444,Near by restaurants,
Shilpi,Besant Nagar,Shopping,For Women,Chennai,"[13.0827,80.2707]",[‘assets/default.png’],Spend some awesome time during the weekend,Enjoy your weekend by visiting this place at saturday morning,77:00 am to 9:00 pm,"No 2/2, 2nd avenue, Chennai",Ph: 0445,Near by restaurants,
Sri Palam Silk Sarees,T Nagar,Shopping,For Women,Chennai,"[13.0827,80.2707]",[‘assets/default.png’],Spend some awesome time during the weekend,Enjoy your weekend by visiting this place at saturday morning,78:00 am to 9:00 pm,"No 2/2, 2nd avenue, Chennai",Ph: 0446,Near by restaurants,
Ushas,Nungambakkam,Shopping,For Women,Chennai,"[13.0827,80.2707]",[‘assets/default.png’],Spend some awesome time during the weekend,Enjoy your weekend by visiting this place at saturday morning,79:00 am to 9:00 pm,"No 2/2, 2nd avenue, Chennai",Ph: 0447,Near by restaurants,
Varsidhi,T Nagar,Shopping,For Women,Chennai,"[13.0827,80.2707]",[‘assets/default.png’],Spend some awesome time during the weekend,Enjoy your weekend by visiting this place at saturday morning,80:00 am to 9:00 pm,"No 2/2, 2nd avenue, Chennai",Ph: 0448,Near by restaurants,
Cane and Bamboo,Egmore,Shopping,Antique & Handicraft,Chennai,"[13.0827,80.2707]",[‘assets/default.png’],Spend some awesome time during the weekend,Enjoy your weekend by visiting this place at saturday morning,81:00 am to 9:00 pm,"No 2/2, 2nd avenue, Chennai",Ph: 0449,Near by restaurants,
Cottage Industries Exposition,Nungambakkam,Shopping,Antique & Handicraft,Chennai,"[13.0827,80.2707]",[‘assets/default.png’],Spend some awesome time during the weekend,Enjoy your weekend by visiting this place at saturday morning,82:00 am to 9:00 pm,"No 2/2, 2nd avenue, Chennai",Ph: 0450,Near by restaurants,
HHEC of India,Guindy,Shopping,Antique & Handicraft,Chennai,"[13.0827,80.2707]",[‘assets/default.png’],Spend some awesome time during the weekend,Enjoy your weekend by visiting this place at saturday morning,83:00 am to 9:00 pm,"No 2/2, 2nd avenue, Chennai",Ph: 0451,Near by restaurants,
Khadi Gramodyog Bhavan,Anna Salai,Shopping,Antique & Handicraft,Chennai,"[13.0827,80.2707]",[‘assets/default.png’],Spend some awesome time during the weekend,Enjoy your weekend by visiting this place at saturday morning,84:00 am to 9:00 pm,"No 2/2, 2nd avenue, Chennai",Ph: 0452,Near by restaurants,
Mi Casa,Egmore,Shopping,Antique & Handicraft,Chennai,"[13.0827,80.2707]",[‘assets/default.png’],Spend some awesome time during the weekend,Enjoy your weekend by visiting this place at saturday morning,85:00 am to 9:00 pm,"No 2/2, 2nd avenue, Chennai",Ph: 0444,Near by restaurants,
Murrays,Mandaveli,Shopping,Antique & Handicraft,Chennai,"[13.0827,80.2707]",[‘assets/default.png’],Spend some awesome time during the weekend,Enjoy your weekend by visiting this place at saturday morning,86:00 am to 9:00 pm,"No 2/2, 2nd avenue, Chennai",Ph: 0445,Near by restaurants,
Naturally Auroville,Thousand Lights,Shopping,Antique & Handicraft,Chennai,"[13.0827,80.2707]",[‘assets/default.png’],Spend some awesome time during the weekend,Enjoy your weekend by visiting this place at saturday morning,87:00 am to 9:00 pm,"No 2/2, 2nd avenue, Chennai",Ph: 0446,Near by restaurants,
Old Curiousity Shop,Thousand Lights,Shopping,Antique & Handicraft,Chennai,"[13.0827,80.2707]",[‘assets/default.png’],Spend some awesome time during the weekend,Enjoy your weekend by visiting this place at saturday morning,88:00 am to 9:00 pm,"No 2/2, 2nd avenue, Chennai",Ph: 0447,Near by restaurants,
Rani Arts & Teak,Chetpet,Shopping,Antique & Handicraft,Chennai,"[13.0827,80.2707]",[‘assets/default.png’],Spend some awesome time during the weekend,Enjoy your weekend by visiting this place at saturday morning,89:00 am to 9:00 pm,"No 2/2, 2nd avenue, Chennai",Ph: 0448,Near by restaurants,
Srushti,Alwarpet,Shopping,Antique & Handicraft,Chennai,"[13.0827,80.2707]",[‘assets/default.png’],Spend some awesome time during the weekend,Enjoy your weekend by visiting this place at saturday morning,90:00 am to 9:00 pm,"No 2/2, 2nd avenue, Chennai",Ph: 0449,Near by restaurants,
The Vintage Vogue,Mylapore,Shopping,Antique & Handicraft,Chennai,"[13.0827,80.2707]",[‘assets/default.png’],Spend some awesome time during the weekend,Enjoy your weekend by visiting this place at saturday morning,91:00 am to 9:00 pm,"No 2/2, 2nd avenue, Chennai",Ph: 0450,Near by restaurants,
Higgimbothams,Mount Road,Shopping,Antique & Handicraft,Chennai,"[13.0827,80.2707]",[‘assets/default.png’],Spend some awesome time during the weekend,Enjoy your weekend by visiting this place at saturday morning,92:00 am to 9:00 pm,"No 2/2, 2nd avenue, Chennai",Ph: 0451,Near by restaurants,
Ranganathan Street,T Nagar,Shopping,Shopping Hubs,Chennai,"[13.0827,80.2707]",[‘assets/default.png’],Spend some awesome time during the weekend,Enjoy your weekend by visiting this place at saturday morning,93:00 am to 9:00 pm,"No 2/2, 2nd avenue, Chennai",Ph: 0452,Near by restaurants,
Sowcarpet,Sowcarpet,Shopping,Shopping Hubs,Chennai,"[13.0827,80.2707]",[‘assets/default.png’],Spend some awesome time during the weekend,Enjoy your weekend by visiting this place at saturday morning,94:00 am to 9:00 pm,"No 2/2, 2nd avenue, Chennai",Ph: 0453,Near by restaurants,
Ritchie Street,Annasalai,Shopping,Shopping Hubs,Chennai,"[13.0827,80.2707]",[‘assets/default.png’],Spend some awesome time during the weekend,Enjoy your weekend by visiting this place at saturday morning,95:00 am to 9:00 pm,"No 2/2, 2nd avenue, Chennai",Ph: 0445,Near by restaurants,
Parry's Corner,George Town,Shopping,Shopping Hubs,Chennai,"[13.0827,80.2707]",[‘assets/default.png’],Spend some awesome time during the weekend,Enjoy your weekend by visiting this place at saturday morning,96:00 am to 9:00 pm,"No 2/2, 2nd avenue, Chennai",Ph: 0446,Near by restaurants,
Nungambakkam,Nungambakkam,Shopping,Shopping Hubs,Chennai,"[13.0827,80.2707]",[‘assets/default.png’],Spend some awesome time during the weekend,Enjoy your weekend by visiting this place at saturday morning,97:00 am to 9:00 pm,"No 2/2, 2nd avenue, Chennai",Ph: 0444,Near by restaurants,
Mylapore Luz Corner,Mylapore,Shopping,Shopping Hubs,Chennai,"[13.0827,80.2707]",[‘assets/default.png’],Spend some awesome time during the weekend,Enjoy your weekend by visiting this place at saturday morning,98:00 am to 9:00 pm,"No 2/2, 2nd avenue, Chennai",Ph: 0445,Near by restaurants,
Burma Bazaar,George Town,Shopping,Shopping Hubs,Chennai,"[13.0827,80.2707]",[‘assets/default.png’],Spend some awesome time during the weekend,Enjoy your weekend by visiting this place at saturday morning,99:00 am to 9:00 pm,"No 2/2, 2nd avenue, Chennai",Ph: 0446,Near by restaurants,
Jam Bazaar,Triplicane,Shopping,Shopping Hubs,Chennai,"[13.0827,80.2707]",[‘assets/default.png’],Spend some awesome time during the weekend,Enjoy your weekend by visiting this place at saturday morning,100:00 am to 9:00 pm,"No 2/2, 2nd avenue, Chennai",Ph: 0447,Near by restaurants,
Moore Market,Park Town,Shopping,Shopping Hubs,Chennai,"[13.0827,80.2707]",[‘assets/default.png’],Spend some awesome time during the weekend,Enjoy your weekend by visiting this place at saturday morning,101:00 am to 9:00 pm,"No 2/2, 2nd avenue, Chennai",Ph: 0448,Near by restaurants,
Cotton Street,Pantheon Lane,Shopping,Shopping Hubs,Chennai,"[13.0827,80.2707]",[‘assets/default.png’],Spend some awesome time during the weekend,Enjoy your weekend by visiting this place at saturday morning,102:00 am to 9:00 pm,"No 2/2, 2nd avenue, Chennai",Ph: 0449,Near by restaurants,
Mocha,Nungambakkam,Food & Drinks,Coffee Shops,Chennai,"[13.0827,80.2707]",[‘assets/default.png’],Spend some awesome time during the weekend,Enjoy your weekend by visiting this place at saturday morning,103:00 am to 9:00 pm,"No 2/2, 2nd avenue, Chennai",Ph: 0450,Near by restaurants,
Mocha Mojo,Adyar,Food & Drinks,Coffee Shops,Chennai,"[13.0827,80.2707]",[‘assets/default.png’],Spend some awesome time during the weekend,Enjoy your weekend by visiting this place at saturday morning,104:00 am to 9:00 pm,"No 2/2, 2nd avenue, Chennai",Ph: 0451,Near by restaurants,
Café Vanilla,Mylapore,Food & Drinks,Coffee Shops,Chennai,"[13.0827,80.2707]",[‘assets/default.png’],Spend some awesome time during the weekend,Enjoy your weekend by visiting this place at saturday morning,105:00 am to 9:00 pm,"No 2/2, 2nd avenue, Chennai",Ph: 0452,Near by restaurants,
Amethyst,Gopalapuram,Food & Drinks,Coffee Shops,Chennai,"[13.0827,80.2707]",[‘assets/default.png’],Spend some awesome time during the weekend,Enjoy your weekend by visiting this place at saturday morning,106:00 am to 9:00 pm,"No 2/2, 2nd avenue, Chennai",Ph: 0453,Near by restaurants,
Casa Picola,Nungambakkam,Food & Drinks,Coffee Shops,Chennai,"[13.0827,80.2707]",[‘assets/default.png’],Spend some awesome time during the weekend,Enjoy your weekend by visiting this place at saturday morning,107:00 am to 9:00 pm,"No 2/2, 2nd avenue, Chennai",Ph: 0445,Near by restaurants,
Ashvita Bistro,Mylapore,Food & Drinks,Coffee Shops,Chennai,"[13.0827,80.2707]",[‘assets/default.png’],Spend some awesome time during the weekend,Enjoy your weekend by visiting this place at saturday morning,108:00 am to 9:00 pm,"No 2/2, 2nd avenue, Chennai",Ph: 0446,Near by restaurants,
Coffee World,Alwarpet,Food & Drinks,Coffee Shops,Chennai,"[13.0827,80.2707]",[‘assets/default.png’],Spend some awesome time during the weekend,Enjoy your weekend by visiting this place at saturday morning,109:00 am to 9:00 pm,"No 2/2, 2nd avenue, Chennai",Ph: 0447,Near by restaurants,
Kipling Café,ECR,Food & Drinks,Coffee Shops,Chennai,"[13.0827,80.2707]",[‘assets/default.png’],Spend some awesome time during the weekend,Enjoy your weekend by visiting this place at saturday morning,110:00 am to 9:00 pm,"No 2/2, 2nd avenue, Chennai",Ph: 0448,Near by restaurants,
Kofeoke,Tiruvanmayur,Food & Drinks,Coffee Shops,Chennai,"[13.0827,80.2707]",[‘assets/default.png’],Spend some awesome time during the weekend,Enjoy your weekend by visiting this place at saturday morning,111:00 am to 9:00 pm,"No 2/2, 2nd avenue, Chennai",Ph: 0449,Near by restaurants,
Chamiers,Chamiers,Food & Drinks,Coffee Shops,Chennai,"[13.0827,80.2707]",[‘assets/default.png’],Spend some awesome time during the weekend,Enjoy your weekend by visiting this place at saturday morning,112:00 am to 9:00 pm,"No 2/2, 2nd avenue, Chennai",Ph: 0450,Near by restaurants,
Ciclo Café,Kotturpuram,Food & Drinks,Coffee Shops,Chennai,"[13.0827,80.2707]",[‘assets/default.png’],Spend some awesome time during the weekend,Enjoy your weekend by visiting this place at saturday morning,113:00 am to 9:00 pm,"No 2/2, 2nd avenue, Chennai",Ph: 0451,Near by restaurants,
Writer's Café,Royapetah,Food & Drinks,Coffee Shops,Chennai,"[13.0827,80.2707]",[‘assets/default.png’],Spend some awesome time during the weekend,Enjoy your weekend by visiting this place at saturday morning,114:00 am to 9:00 pm,"No 2/2, 2nd avenue, Chennai",Ph: 0452,Near by restaurants,
Latitude by the Park,Nungambakkam,Food & Drinks,Coffee Shops,Chennai,"[13.0827,80.2707]",[‘assets/default.png’],Spend some awesome time during the weekend,Enjoy your weekend by visiting this place at saturday morning,115:00 am to 9:00 pm,"No 2/2, 2nd avenue, Chennai",Ph: 0453,Near by restaurants,
English Tea Room,Alwarpet,Food & Drinks,Coffee Shops,Chennai,"[13.0827,80.2707]",[‘assets/default.png’],Spend some awesome time during the weekend,Enjoy your weekend by visiting this place at saturday morning,116:00 am to 9:00 pm,"No 2/2, 2nd avenue, Chennai",Ph: 0454,Near by restaurants,
Lloyds Tea House,Gopalapuram,Food & Drinks,Coffee Shops,Chennai,"[13.0827,80.2707]",[‘assets/default.png’],Spend some awesome time during the weekend,Enjoy your weekend by visiting this place at saturday morning,117:00 am to 9:00 pm,"No 2/2, 2nd avenue, Chennai",Ph: 0446,Near by restaurants,
Crisp Café,Nungambakkam,Food & Drinks,Coffee Shops,Chennai,"[13.0827,80.2707]",[‘assets/default.png’],Spend some awesome time during the weekend,Enjoy your weekend by visiting this place at saturday morning,118:00 am to 9:00 pm,"No 2/2, 2nd avenue, Chennai",Ph: 0447,Near by restaurants,
Café @ InKo centre,RA Puram,Food & Drinks,Coffee Shops,Chennai,"[13.0827,80.2707]",[‘assets/default.png’],Spend some awesome time during the weekend,Enjoy your weekend by visiting this place at saturday morning,119:00 am to 9:00 pm,"No 2/2, 2nd avenue, Chennai",Ph: 0445,Near by restaurants,
Pantry d'or,Anna Nagar East,Food & Drinks,Coffee Shops,Chennai,"[13.0827,80.2707]",[‘assets/default.png’],Spend some awesome time during the weekend,Enjoy your weekend by visiting this place at saturday morning,120:00 am to 9:00 pm,"No 2/2, 2nd avenue, Chennai",Ph: 0446,Near by restaurants,
Basil with a Twist,T Nagar,Food & Drinks,Coffee Shops,Chennai,"[13.0827,80.2707]",[‘assets/default.png’],Spend some awesome time during the weekend,Enjoy your weekend by visiting this place at saturday morning,121:00 am to 9:00 pm,"No 2/2, 2nd avenue, Chennai",Ph: 0447,Near by restaurants,
Waf O'Bel,Chetpet,Food & Drinks,Coffee Shops,Chennai,"[13.0827,80.2707]",[‘assets/default.png’],Spend some awesome time during the weekend,Enjoy your weekend by visiting this place at saturday morning,122:00 am to 9:00 pm,"No 2/2, 2nd avenue, Chennai",Ph: 0448,Near by restaurants,
Coco Jaunt 1728,Anna Nagar East,Food & Drinks,Coffee Shops,Chennai,"[13.0827,80.2707]",[‘assets/default.png’],Spend some awesome time during the weekend,Enjoy your weekend by visiting this place at saturday morning,123:00 am to 9:00 pm,"No 2/2, 2nd avenue, Chennai",Ph: 0449,Near by restaurants,
Downtown Café,Besant Nagar,Food & Drinks,Coffee Shops,Chennai,"[13.0827,80.2707]",[‘assets/default.png’],Spend some awesome time during the weekend,Enjoy your weekend by visiting this place at saturday morning,124:00 am to 9:00 pm,"No 2/2, 2nd avenue, Chennai",Ph: 0450,Near by restaurants,
Waffles Thru The Day,Adyar,Food & Drinks,Coffee Shops,Chennai,"[13.0827,80.2707]",[‘assets/default.png’],Spend some awesome time during the weekend,Enjoy your weekend by visiting this place at saturday morning,125:00 am to 9:00 pm,"No 2/2, 2nd avenue, Chennai",Ph: 0451,Near by restaurants,
Zuka,Mylapore,Food & Drinks,Coffee Shops,Chennai,"[13.0827,80.2707]",[‘assets/default.png’],Spend some awesome time during the weekend,Enjoy your weekend by visiting this place at saturday morning,126:00 am to 9:00 pm,"No 2/2, 2nd avenue, Chennai",Ph: 0452,Near by restaurants,
Tryst Café,Neelangarai,Food & Drinks,Coffee Shops,Chennai,"[13.0827,80.2707]",[‘assets/default.png’],Spend some awesome time during the weekend,Enjoy your weekend by visiting this place at saturday morning,127:00 am to 9:00 pm,"No 2/2, 2nd avenue, Chennai",Ph: 0453,Near by restaurants,
D Café,T Nagar,Food & Drinks,Coffee Shops,Chennai,"[13.0827,80.2707]",[‘assets/default.png’],Spend some awesome time during the weekend,Enjoy your weekend by visiting this place at saturday morning,128:00 am to 9:00 pm,"No 2/2, 2nd avenue, Chennai",Ph: 0454,Near by restaurants,
House #22 Café,St Thomas Mount,Food & Drinks,Coffee Shops,Chennai,"[13.0827,80.2707]",[‘assets/default.png’],Spend some awesome time during the weekend,Enjoy your weekend by visiting this place at saturday morning,129:00 am to 9:00 pm,"No 2/2, 2nd avenue, Chennai",Ph: 0446,Near by restaurants,
Kettle,Anna Nagar West,Food & Drinks,Coffee Shops,Chennai,"[13.0827,80.2707]",[‘assets/default.png’],Spend some awesome time during the weekend,Enjoy your weekend by visiting this place at saturday morning,130:00 am to 9:00 pm,"No 2/2, 2nd avenue, Chennai",Ph: 0447,Near by restaurants,
Nicky's Café & Fine Pastries,Egmore,Food & Drinks,Coffee Shops,Chennai,"[13.0827,80.2707]",[‘assets/default.png’],Spend some awesome time during the weekend,Enjoy your weekend by visiting this place at saturday morning,131:00 am to 9:00 pm,"No 2/2, 2nd avenue, Chennai",Ph: 0448,Near by restaurants,
Coffeetales,Anna Nagar East,Food & Drinks,Coffee Shops,Chennai,"[13.0827,80.2707]",[‘assets/default.png’],Spend some awesome time during the weekend,Enjoy your weekend by visiting this place at saturday morning,132:00 am to 9:00 pm,"No 2/2, 2nd avenue, Chennai",Ph: 0449,Near by restaurants,
Coffee Central,T Nagar,Food & Drinks,Coffee Shops,Chennai,"[13.0827,80.2707]",[‘assets/default.png’],Spend some awesome time during the weekend,Enjoy your weekend by visiting this place at saturday morning,133:00 am to 9:00 pm,"No 2/2, 2nd avenue, Chennai",Ph: 0450,Near by restaurants,
Gusto Café,Nungambakkam,Food & Drinks,Coffee Shops,Chennai,"[13.0827,80.2707]",[‘assets/default.png’],Spend some awesome time during the weekend,Enjoy your weekend by visiting this place at saturday morning,134:00 am to 9:00 pm,"No 2/2, 2nd avenue, Chennai",Ph: 0451,Near by restaurants,
Café Arabica,Anna Nagar East,Food & Drinks,Coffee Shops,Chennai,"[13.0827,80.2707]",[‘assets/default.png’],Spend some awesome time during the weekend,Enjoy your weekend by visiting this place at saturday morning,135:00 am to 9:00 pm,"No 2/2, 2nd avenue, Chennai",Ph: 0452,Near by restaurants,
Urban Desi House,Thuraipakkam,Food & Drinks,Coffee Shops,Chennai,"[13.0827,80.2707]",[‘assets/default.png’],Spend some awesome time during the weekend,Enjoy your weekend by visiting this place at saturday morning,136:00 am to 9:00 pm,"No 2/2, 2nd avenue, Chennai",Ph: 0453,Near by restaurants,
Café Central,T Nagar,Food & Drinks,Coffee Shops,Chennai,"[13.0827,80.2707]",[‘assets/default.png’],Spend some awesome time during the weekend,Enjoy your weekend by visiting this place at saturday morning,137:00 am to 9:00 pm,"No 2/2, 2nd avenue, Chennai",Ph: 0454,Near by restaurants,
The Good Spot,Adyar,Food & Drinks,Coffee Shops,Chennai,"[13.0827,80.2707]",[‘assets/default.png’],Spend some awesome time during the weekend,Enjoy your weekend by visiting this place at saturday morning,138:00 am to 9:00 pm,"No 2/2, 2nd avenue, Chennai",Ph: 0455,Near by restaurants,
The Coffee Bean & Tea Leaf,Velachery,Food & Drinks,Coffee Shops,Chennai,"[13.0827,80.2707]",[‘assets/default.png’],Spend some awesome time during the weekend,Enjoy your weekend by visiting this place at saturday morning,139:00 am to 9:00 pm,"No 2/2, 2nd avenue, Chennai",Ph: 0447,Near by restaurants,
Craveyard Café,Adyar,Food & Drinks,Coffee Shops,Chennai,"[13.0827,80.2707]",[‘assets/default.png’],Spend some awesome time during the weekend,Enjoy your weekend by visiting this place at saturday morning,140:00 am to 9:00 pm,"No 2/2, 2nd avenue, Chennai",Ph: 0448,Near by restaurants,
The 90's Café,Anna Nagar East,Food & Drinks,Coffee Shops,Chennai,"[13.0827,80.2707]",[‘assets/default.png’],Spend some awesome time during the weekend,Enjoy your weekend by visiting this place at saturday morning,141:00 am to 9:00 pm,"No 2/2, 2nd avenue, Chennai",Ph: 0446,Near by restaurants,
The Port Café,Kodambakkam,Food & Drinks,Coffee Shops,Chennai,"[13.0827,80.2707]",[‘assets/default.png’],Spend some awesome time during the weekend,Enjoy your weekend by visiting this place at saturday morning,142:00 am to 9:00 pm,"No 2/2, 2nd avenue, Chennai",Ph: 0447,Near by restaurants,
Café H,Anna Nagar West,Food & Drinks,Coffee Shops,Chennai,"[13.0827,80.2707]",[‘assets/default.png’],Spend some awesome time during the weekend,Enjoy your weekend by visiting this place at saturday morning,143:00 am to 9:00 pm,"No 2/2, 2nd avenue, Chennai",Ph: 0448,Near by restaurants,
MadHatter's Tea Garden,Chetpet,Food & Drinks,Coffee Shops,Chennai,"[13.0827,80.2707]",[‘assets/default.png’],Spend some awesome time during the weekend,Enjoy your weekend by visiting this place at saturday morning,144:00 am to 9:00 pm,"No 2/2, 2nd avenue, Chennai",Ph: 0449,Near by restaurants,
Tea Trails,Ashok Nagar,Food & Drinks,Coffee Shops,Chennai,"[13.0827,80.2707]",[‘assets/default.png’],Spend some awesome time during the weekend,Enjoy your weekend by visiting this place at saturday morning,145:00 am to 9:00 pm,"No 2/2, 2nd avenue, Chennai",Ph: 0450,Near by restaurants,
Deconstructed Café,Nungambakkam,Food & Drinks,Coffee Shops,Chennai,"[13.0827,80.2707]",[‘assets/default.png’],Spend some awesome time during the weekend,Enjoy your weekend by visiting this place at saturday morning,146:00 am to 9:00 pm,"No 2/2, 2nd avenue, Chennai",Ph: 0451,Near by restaurants,
MEnU Let's Get Together,Gopalapuram,Food & Drinks,Coffee Shops,Chennai,"[13.0827,80.2707]",[‘assets/default.png’],Spend some awesome time during the weekend,Enjoy your weekend by visiting this place at saturday morning,147:00 am to 9:00 pm,"No 2/2, 2nd avenue, Chennai",Ph: 0452,Near by restaurants,
The Madras Diner,Mogapair,Food & Drinks,Coffee Shops,Chennai,"[13.0827,80.2707]",[‘assets/default.png’],Spend some awesome time during the weekend,Enjoy your weekend by visiting this place at saturday morning,148:00 am to 9:00 pm,"No 2/2, 2nd avenue, Chennai",Ph: 0453,Near by restaurants,
The Chef's Story,Purasavakkam,Food & Drinks,Coffee Shops,Chennai,"[13.0827,80.2707]",[‘assets/default.png’],Spend some awesome time during the weekend,Enjoy your weekend by visiting this place at saturday morning,149:00 am to 9:00 pm,"No 2/2, 2nd avenue, Chennai",Ph: 0454,Near by restaurants,
Munch Café,Kilpauk,Food & Drinks,Coffee Shops,Chennai,"[13.0827,80.2707]",[‘assets/default.png’],Spend some awesome time during the weekend,Enjoy your weekend by visiting this place at saturday morning,150:00 am to 9:00 pm,"No 2/2, 2nd avenue, Chennai",Ph: 0455,Near by restaurants,
Chai Nasta,Alwarpet,Food & Drinks,Coffee Shops,Chennai,"[13.0827,80.2707]",[‘assets/default.png’],Spend some awesome time during the weekend,Enjoy your weekend by visiting this place at saturday morning,151:00 am to 9:00 pm,"No 2/2, 2nd avenue, Chennai",Ph: 0447,Near by restaurants,
Arama Café,Adyar,Food & Drinks,Coffee Shops,Chennai,"[13.0827,80.2707]",[‘assets/default.png’],Spend some awesome time during the weekend,Enjoy your weekend by visiting this place at saturday morning,152:00 am to 9:00 pm,"No 2/2, 2nd avenue, Chennai",Ph: 0448,Near by restaurants,
Despiwich,T Nagar,Food & Drinks,Coffee Shops,Chennai,"[13.0827,80.2707]",[‘assets/default.png’],Spend some awesome time during the weekend,Enjoy your weekend by visiting this place at saturday morning,153:00 am to 9:00 pm,"No 2/2, 2nd avenue, Chennai",Ph: 0449,Near by restaurants,
MadBean Café and Roastery,Santhome,Food & Drinks,Coffee Shops,Chennai,"[13.0827,80.2707]",[‘assets/default.png’],Spend some awesome time during the weekend,Enjoy your weekend by visiting this place at saturday morning,154:00 am to 9:00 pm,"No 2/2, 2nd avenue, Chennai",Ph: 0450,Near by restaurants,
Café Toastie Express,Aminjikarai,Food & Drinks,Coffee Shops,Chennai,"[13.0827,80.2707]",[‘assets/default.png’],Spend some awesome time during the weekend,Enjoy your weekend by visiting this place at saturday morning,155:00 am to 9:00 pm,"No 2/2, 2nd avenue, Chennai",Ph: 0451,Near by restaurants,
Café Blossom,Mylapore,Food & Drinks,Coffee Shops,Chennai,"[13.0827,80.2707]",[‘assets/default.png’],Spend some awesome time during the weekend,Enjoy your weekend by visiting this place at saturday morning,156:00 am to 9:00 pm,"No 2/2, 2nd avenue, Chennai",Ph: 0452,Near by restaurants,
Cups and Teas,Besant Nagar,Food & Drinks,Coffee Shops,Chennai,"[13.0827,80.2707]",[‘assets/default.png’],Spend some awesome time during the weekend,Enjoy your weekend by visiting this place at saturday morning,157:00 am to 9:00 pm,"No 2/2, 2nd avenue, Chennai",Ph: 0453,Near by restaurants,
Ink 303,Nungambakkam,Food & Drinks,Night Club and Lougne Bars,Chennai,"[13.0827,80.2707]",[‘assets/default.png’],Spend some awesome time during the weekend,Enjoy your weekend by visiting this place at saturday morning,158:00 am to 9:00 pm,"No 2/2, 2nd avenue, Chennai",Ph: 0454,Near by restaurants,
Sera - The Tapas Bar,Gopalapuram,Food & Drinks,Night Club and Lougne Bars,Chennai,"[13.0827,80.2707]",[‘assets/default.png’],Spend some awesome time during the weekend,Enjoy your weekend by visiting this place at saturday morning,159:00 am to 9:00 pm,"No 2/2, 2nd avenue, Chennai",Ph: 0455,Near by restaurants,
Illusions - The Madras Pub,Mylapore,Food & Drinks,Night Club and Lougne Bars,Chennai,"[13.0827,80.2707]",[‘assets/default.png’],Spend some awesome time during the weekend,Enjoy your weekend by visiting this place at saturday morning,160:00 am to 9:00 pm,"No 2/2, 2nd avenue, Chennai",Ph: 0456,Near by restaurants,
Sudaka,T Nagar,Food & Drinks,Night Club and Lougne Bars,Chennai,"[13.0827,80.2707]",[‘assets/default.png’],Spend some awesome time during the weekend,Enjoy your weekend by visiting this place at saturday morning,161:00 am to 9:00 pm,"No 2/2, 2nd avenue, Chennai",Ph: 0448,Near by restaurants,
10 Downing Street,T Nagar,Food & Drinks,Night Club and Lougne Bars,Chennai,"[13.0827,80.2707]",[‘assets/default.png’],Spend some awesome time during the weekend,Enjoy your weekend by visiting this place at saturday morning,162:00 am to 9:00 pm,"No 2/2, 2nd avenue, Chennai",Ph: 0449,Near by restaurants,
Bike & Barrel,T Nagar,Food & Drinks,Night Club and Lougne Bars,Chennai,"[13.0827,80.2707]",[‘assets/default.png’],Spend some awesome time during the weekend,Enjoy your weekend by visiting this place at saturday morning,163:00 am to 9:00 pm,"No 2/2, 2nd avenue, Chennai",Ph: 0447,Near by restaurants,
The Vault - Bar Stock Exchange,T Nagar,Food & Drinks,Night Club and Lougne Bars,Chennai,"[13.0827,80.2707]",[‘assets/default.png’],Spend some awesome time during the weekend,Enjoy your weekend by visiting this place at saturday morning,164:00 am to 9:00 pm,"No 2/2, 2nd avenue, Chennai",Ph: 0448,Near by restaurants,
Gatsby 2000,Alwarpet,Food & Drinks,Night Club and Lougne Bars,Chennai,"[13.0827,80.2707]",[‘assets/default.png’],Spend some awesome time during the weekend,Enjoy your weekend by visiting this place at saturday morning,165:00 am to 9:00 pm,"No 2/2, 2nd avenue, Chennai",Ph: 0449,Near by restaurants,
The Velveteen Rabbit,RA Puram,Food & Drinks,Night Club and Lougne Bars,Chennai,"[13.0827,80.2707]",[‘assets/default.png’],Spend some awesome time during the weekend,Enjoy your weekend by visiting this place at saturday morning,166:00 am to 9:00 pm,"No 2/2, 2nd avenue, Chennai",Ph: 0450,Near by restaurants,
Big Bang Theory Bar & Kitchen,Kodambakkam,Food & Drinks,Night Club and Lougne Bars,Chennai,"[13.0827,80.2707]",[‘assets/default.png’],Spend some awesome time during the weekend,Enjoy your weekend by visiting this place at saturday morning,167:00 am to 9:00 pm,"No 2/2, 2nd avenue, Chennai",Ph: 0451,Near by restaurants,
Skyline,T Nagar,Food & Drinks,Night Club and Lougne Bars,Chennai,"[13.0827,80.2707]",[‘assets/default.png’],Spend some awesome time during the weekend,Enjoy your weekend by visiting this place at saturday morning,168:00 am to 9:00 pm,"No 2/2, 2nd avenue, Chennai",Ph: 0452,Near by restaurants,
Radio Room,Santhome,Food & Drinks,Night Club and Lougne Bars,Chennai,"[13.0827,80.2707]",[‘assets/default.png’],Spend some awesome time during the weekend,Enjoy your weekend by visiting this place at saturday morning,169:00 am to 9:00 pm,"No 2/2, 2nd avenue, Chennai",Ph: 0453,Near by restaurants,
Boats Beach RestoBar,Besant Nagar,Food & Drinks,Night Club and Lougne Bars,Chennai,"[13.0827,80.2707]",[‘assets/default.png’],Spend some awesome time during the weekend,Enjoy your weekend by visiting this place at saturday morning,170:00 am to 9:00 pm,"No 2/2, 2nd avenue, Chennai",Ph: 0454,Near by restaurants,
Candy Club,T Nagar,Food & Drinks,Night Club and Lougne Bars,Chennai,"[13.0827,80.2707]",[‘assets/default.png’],Spend some awesome time during the weekend,Enjoy your weekend by visiting this place at saturday morning,171:00 am to 9:00 pm,"No 2/2, 2nd avenue, Chennai",Ph: 0455,Near by restaurants,
Escape,Vadapalani,Food & Drinks,Night Club and Lougne Bars,Chennai,"[13.0827,80.2707]",[‘assets/default.png’],Spend some awesome time during the weekend,Enjoy your weekend by visiting this place at saturday morning,172:00 am to 9:00 pm,"No 2/2, 2nd avenue, Chennai",Ph: 0456,Near by restaurants,
Havana,Alwarpet,Food & Drinks,Night Club and Lougne Bars,Chennai,"[13.0827,80.2707]",[‘assets/default.png’],Spend some awesome time during the weekend,Enjoy your weekend by visiting this place at saturday morning,173:00 am to 9:00 pm,"No 2/2, 2nd avenue, Chennai",Ph: 0448,Near by restaurants,
High Time,T Nagar,Food & Drinks,Night Club and Lougne Bars,Chennai,"[13.0827,80.2707]",[‘assets/default.png’],Spend some awesome time during the weekend,Enjoy your weekend by visiting this place at saturday morning,174:00 am to 9:00 pm,"No 2/2, 2nd avenue, Chennai",Ph: 0449,Near by restaurants,
Minus One 125,Nungambakkam,Food & Drinks,Night Club and Lougne Bars,Chennai,"[13.0827,80.2707]",[‘assets/default.png’],Spend some awesome time during the weekend,Enjoy your weekend by visiting this place at saturday morning,175:00 am to 9:00 pm,"No 2/2, 2nd avenue, Chennai",Ph: 0450,Near by restaurants,
Pasha,Nungambakkam,Food & Drinks,Night Club and Lougne Bars,Chennai,"[13.0827,80.2707]",[‘assets/default.png’],Spend some awesome time during the weekend,Enjoy your weekend by visiting this place at saturday morning,176:00 am to 9:00 pm,"No 2/2, 2nd avenue, Chennai",Ph: 0451,Near by restaurants,
Q Bar,Ekkaduthangal,Food & Drinks,Night Club and Lougne Bars,Chennai,"[13.0827,80.2707]",[‘assets/default.png’],Spend some awesome time during the weekend,Enjoy your weekend by visiting this place at saturday morning,177:00 am to 9:00 pm,"No 2/2, 2nd avenue, Chennai",Ph: 0452,Near by restaurants,
Zodiac,T Nagar,Food & Drinks,Night Club and Lougne Bars,Chennai,"[13.0827,80.2707]",[‘assets/default.png’],Spend some awesome time during the weekend,Enjoy your weekend by visiting this place at saturday morning,178:00 am to 9:00 pm,"No 2/2, 2nd avenue, Chennai",Ph: 0453,Near by restaurants,
Hoppipola,Nungambakkam,Food & Drinks,Night Club and Lougne Bars,Chennai,"[13.0827,80.2707]",[‘assets/default.png’],Spend some awesome time during the weekend,Enjoy your weekend by visiting this place at saturday morning,179:00 am to 9:00 pm,"No 2/2, 2nd avenue, Chennai",Ph: 0454,Near by restaurants,
Bay 146,Mylapore,Food & Drinks,Night Club and Lougne Bars,Chennai,"[13.0827,80.2707]",[‘assets/default.png’],Spend some awesome time during the weekend,Enjoy your weekend by visiting this place at saturday morning,180:00 am to 9:00 pm,"No 2/2, 2nd avenue, Chennai",Ph: 0455,Near by restaurants,
Aqua - The Park,Nungambakkam,Food & Drinks,Night Club and Lougne Bars,Chennai,"[13.0827,80.2707]",[‘assets/default.png’],Spend some awesome time during the weekend,Enjoy your weekend by visiting this place at saturday morning,181:00 am to 9:00 pm,"No 2/2, 2nd avenue, Chennai",Ph: 0456,Near by restaurants,
Touchdown Tapas & RestoBar,Palavakkam,Food & Drinks,Night Club and Lougne Bars,Chennai,"[13.0827,80.2707]",[‘assets/default.png’],Spend some awesome time during the weekend,Enjoy your weekend by visiting this place at saturday morning,182:00 am to 9:00 pm,"No 2/2, 2nd avenue, Chennai",Ph: 0457,Near by restaurants,
The Dining Company,RA Puram,Food & Drinks,Night Club and Lougne Bars,Chennai,"[13.0827,80.2707]",[‘assets/default.png’],Spend some awesome time during the weekend,Enjoy your weekend by visiting this place at saturday morning,183:00 am to 9:00 pm,"No 2/2, 2nd avenue, Chennai",Ph: 0449,Near by restaurants,
Drizzle - The Destination,Neelankarai,Food & Drinks,Night Club and Lougne Bars,Chennai,"[13.0827,80.2707]",[‘assets/default.png’],Spend some awesome time during the weekend,Enjoy your weekend by visiting this place at saturday morning,184:00 am to 9:00 pm,"No 2/2, 2nd avenue, Chennai",Ph: 0450,Near by restaurants,
Chill and Grill,Santhome,Food & Drinks,Night Club and Lougne Bars,Chennai,"[13.0827,80.2707]",[‘assets/default.png’],Spend some awesome time during the weekend,Enjoy your weekend by visiting this place at saturday morning,185:00 am to 9:00 pm,"No 2/2, 2nd avenue, Chennai",Ph: 0448,Near by restaurants,
Elixir,Royapetah,Food & Drinks,Night Club and Lougne Bars,Chennai,"[13.0827,80.2707]",[‘assets/default.png’],Spend some awesome time during the weekend,Enjoy your weekend by visiting this place at saturday morning,186:00 am to 9:00 pm,"No 2/2, 2nd avenue, Chennai",Ph: 0449,Near by restaurants,
Library Blu,Adyar,Food & Drinks,Night Club and Lougne Bars,Chennai,"[13.0827,80.2707]",[‘assets/default.png’],Spend some awesome time during the weekend,Enjoy your weekend by visiting this place at saturday morning,187:00 am to 9:00 pm,"No 2/2, 2nd avenue, Chennai",Ph: 0450,Near by restaurants,
Chipstead,Nungambakkam,Food & Drinks,Night Club and Lougne Bars,Chennai,"[13.0827,80.2707]",[‘assets/default.png’],Spend some awesome time during the weekend,Enjoy your weekend by visiting this place at saturday morning,188:00 am to 9:00 pm,"No 2/2, 2nd avenue, Chennai",Ph: 0451,Near by restaurants,
Vintage Bank,Guindy,Food & Drinks,Night Club and Lougne Bars,Chennai,"[13.0827,80.2707]",[‘assets/default.png’],Spend some awesome time during the weekend,Enjoy your weekend by visiting this place at saturday morning,189:00 am to 9:00 pm,"No 2/2, 2nd avenue, Chennai",Ph: 0452,Near by restaurants,
XYZ - Aloft Chennai,Shollinganallur,Food & Drinks,Night Club and Lougne Bars,Chennai,"[13.0827,80.2707]",[‘assets/default.png’],Spend some awesome time during the weekend,Enjoy your weekend by visiting this place at saturday morning,190:00 am to 9:00 pm,"No 2/2, 2nd avenue, Chennai",Ph: 0453,Near by restaurants,
Paddington,Nandanam,Food & Drinks,Night Club and Lougne Bars,Chennai,"[13.0827,80.2707]",[‘assets/default.png’],Spend some awesome time during the weekend,Enjoy your weekend by visiting this place at saturday morning,191:00 am to 9:00 pm,"No 2/2, 2nd avenue, Chennai",Ph: 0454,Near by restaurants,
Secret Society,RA Puram,Food & Drinks,Night Club and Lougne Bars,Chennai,"[13.0827,80.2707]",[‘assets/default.png’],Spend some awesome time during the weekend,Enjoy your weekend by visiting this place at saturday morning,192:00 am to 9:00 pm,"No 2/2, 2nd avenue, Chennai",Ph: 0455,Near by restaurants,
Cocktail Bar - By Kipling,ECR,Food & Drinks,Night Club and Lougne Bars,Chennai,"[13.0827,80.2707]",[‘assets/default.png’],Spend some awesome time during the weekend,Enjoy your weekend by visiting this place at saturday morning,193:00 am to 9:00 pm,"No 2/2, 2nd avenue, Chennai",Ph: 0456,Near by restaurants,
The Cherroot Malt & Cigar Lounge,Guindy,Food & Drinks,Night Club and Lougne Bars,Chennai,"[13.0827,80.2707]",[‘assets/default.png’],Spend some awesome time during the weekend,Enjoy your weekend by visiting this place at saturday morning,194:00 am to 9:00 pm,"No 2/2, 2nd avenue, Chennai",Ph: 0457,Near by restaurants,
Tranque Bar,Guindy,Food & Drinks,Night Club and Lougne Bars,Chennai,"[13.0827,80.2707]",[‘assets/default.png’],Spend some awesome time during the weekend,Enjoy your weekend by visiting this place at saturday morning,195:00 am to 9:00 pm,"No 2/2, 2nd avenue, Chennai",Ph: 0449,Near by restaurants,
Deck 4,Shollinganallur,Food & Drinks,Night Club and Lougne Bars,Chennai,"[13.0827,80.2707]",[‘assets/default.png’],Spend some awesome time during the weekend,Enjoy your weekend by visiting this place at saturday morning,196:00 am to 9:00 pm,"No 2/2, 2nd avenue, Chennai",Ph: 0450,Near by restaurants,
Winchester ,Egmore,Food & Drinks,Night Club and Lougne Bars,Chennai,"[13.0827,80.2707]",[‘assets/default.png’],Spend some awesome time during the weekend,Enjoy your weekend by visiting this place at saturday morning,197:00 am to 9:00 pm,"No 2/2, 2nd avenue, Chennai",Ph: 0451,Near by restaurants,
Unlock - The Restobar,Thiruvanmayur,Food & Drinks,Night Club and Lougne Bars,Chennai,"[13.0827,80.2707]",[‘assets/default.png’],Spend some awesome time during the weekend,Enjoy your weekend by visiting this place at saturday morning,198:00 am to 9:00 pm,"No 2/2, 2nd avenue, Chennai",Ph: 0452,Near by restaurants,
Slounge,Guindy,Food & Drinks,Night Club and Lougne Bars,Chennai,"[13.0827,80.2707]",[‘assets/default.png’],Spend some awesome time during the weekend,Enjoy your weekend by visiting this place at saturday morning,199:00 am to 9:00 pm,"No 2/2, 2nd avenue, Chennai",Ph: 0453,Near by restaurants,
Crystal Bar,Nungambakkam,Food & Drinks,Night Club and Lougne Bars,Chennai,"[13.0827,80.2707]",[‘assets/default.png’],Spend some awesome time during the weekend,Enjoy your weekend by visiting this place at saturday morning,200:00 am to 9:00 pm,"No 2/2, 2nd avenue, Chennai",Ph: 0454,Near by restaurants,
Willows,Velachery,Food & Drinks,Night Club and Lougne Bars,Chennai,"[13.0827,80.2707]",[‘assets/default.png’],Spend some awesome time during the weekend,Enjoy your weekend by visiting this place at saturday morning,201:00 am to 9:00 pm,"No 2/2, 2nd avenue, Chennai",Ph: 0455,Near by restaurants,
The Westminster,Alwarpet,Food & Drinks,Night Club and Lougne Bars,Chennai,"[13.0827,80.2707]",[‘assets/default.png’],Spend some awesome time during the weekend,Enjoy your weekend by visiting this place at saturday morning,202:00 am to 9:00 pm,"No 2/2, 2nd avenue, Chennai",Ph: 0456,Near by restaurants,
Permit Room,Gopalapuram,Food & Drinks,Night Club and Lougne Bars,Chennai,"[13.0827,80.2707]",[‘assets/default.png’],Spend some awesome time during the weekend,Enjoy your weekend by visiting this place at saturday morning,203:00 am to 9:00 pm,"No 2/2, 2nd avenue, Chennai",Ph: 0457,Near by restaurants,
High,Teynampet,Food & Drinks,Night Club and Lougne Bars,Chennai,"[13.0827,80.2707]",[‘assets/default.png’],Spend some awesome time during the weekend,Enjoy your weekend by visiting this place at saturday morning,204:00 am to 9:00 pm,"No 2/2, 2nd avenue, Chennai",Ph: 0458,Near by restaurants,
Madera,Teynampet,Food & Drinks,Night Club and Lougne Bars,Chennai,"[13.0827,80.2707]",[‘assets/default.png’],Spend some awesome time during the weekend,Enjoy your weekend by visiting this place at saturday morning,205:00 am to 9:00 pm,"No 2/2, 2nd avenue, Chennai",Ph: 0450,Near by restaurants,
The Moon and Sixpence,Guindy,Food & Drinks,Night Club and Lougne Bars,Chennai,"[13.0827,80.2707]",[‘assets/default.png’],Spend some awesome time during the weekend,Enjoy your weekend by visiting this place at saturday morning,206:00 am to 9:00 pm,"No 2/2, 2nd avenue, Chennai",Ph: 0451,Near by restaurants,
Aarupadai Veedu Temple,Besant Nagar,Attractions,Temples & Architecture,Chennai,"[13.0827,80.2707]",[‘assets/default.png’],Spend some awesome time during the weekend,Enjoy your weekend by visiting this place at saturday morning,207:00 am to 9:00 pm,"No 2/2, 2nd avenue, Chennai",Ph: 0449,Near by restaurants,
Armenian Church,George Town,Attractions,Temples & Architecture,Chennai,"[13.0827,80.2707]",[‘assets/default.png’],Spend some awesome time during the weekend,Enjoy your weekend by visiting this place at saturday morning,208:00 am to 9:00 pm,"No 2/2, 2nd avenue, Chennai",Ph: 0450,Near by restaurants,
Basilica of Santhome,Santhome,Attractions,Temples & Architecture,Chennai,"[13.0827,80.2707]",[‘assets/default.png’],Spend some awesome time during the weekend,Enjoy your weekend by visiting this place at saturday morning,209:00 am to 9:00 pm,"No 2/2, 2nd avenue, Chennai",Ph: 0451,Near by restaurants,
ISKCON Temple,Injambakkam,Attractions,Temples & Architecture,Chennai,"[13.0827,80.2707]",[‘assets/default.png’],Spend some awesome time during the weekend,Enjoy your weekend by visiting this place at saturday morning,210:00 am to 9:00 pm,"No 2/2, 2nd avenue, Chennai",Ph: 0452,Near by restaurants,
Jagannath Temple,Kanathur,Attractions,Temples & Architecture,Chennai,"[13.0827,80.2707]",[‘assets/default.png’],Spend some awesome time during the weekend,Enjoy your weekend by visiting this place at saturday morning,211:00 am to 9:00 pm,"No 2/2, 2nd avenue, Chennai",Ph: 0453,Near by restaurants,
Kaaraneeswarar Temple,Saidapet,Attractions,Temples & Architecture,Chennai,"[13.0827,80.2707]",[‘assets/default.png’],Spend some awesome time during the weekend,Enjoy your weekend by visiting this place at saturday morning,212:00 am to 9:00 pm,"No 2/2, 2nd avenue, Chennai",Ph: 0454,Near by restaurants,
Kapaleeshwar Temple,Mylapore,Attractions,Temples & Architecture,Chennai,"[13.0827,80.2707]",[‘assets/default.png’],Spend some awesome time during the weekend,Enjoy your weekend by visiting this place at saturday morning,213:00 am to 9:00 pm,"No 2/2, 2nd avenue, Chennai",Ph: 0455,Near by restaurants,
Makkah Masjid,Triplicane,Attractions,Temples & Architecture,Chennai,"[13.0827,80.2707]",[‘assets/default.png’],Spend some awesome time during the weekend,Enjoy your weekend by visiting this place at saturday morning,214:00 am to 9:00 pm,"No 2/2, 2nd avenue, Chennai",Ph: 0456,Near by restaurants,
Marundeeswarar Temple,Thiruvanmayur,Attractions,Temples & Architecture,Chennai,"[13.0827,80.2707]",[‘assets/default.png’],Spend some awesome time during the weekend,Enjoy your weekend by visiting this place at saturday morning,215:00 am to 9:00 pm,"No 2/2, 2nd avenue, Chennai",Ph: 0457,Near by restaurants,
Parthasarathy Triplicane,Triplicane,Attractions,Temples & Architecture,Chennai,"[13.0827,80.2707]",[‘assets/default.png’],Spend some awesome time during the weekend,Enjoy your weekend by visiting this place at saturday morning,216:00 am to 9:00 pm,"No 2/2, 2nd avenue, Chennai",Ph: 0458,Near by restaurants,
Shirdi Sai Baba Temple,Injambakkam,Attractions,Temples & Architecture,Chennai,"[13.0827,80.2707]",[‘assets/default.png’],Spend some awesome time during the weekend,Enjoy your weekend by visiting this place at saturday morning,217:00 am to 9:00 pm,"No 2/2, 2nd avenue, Chennai",Ph: 0450,Near by restaurants,
St. George's Cathedral,Cathedral road,Attractions,Temples & Architecture,Chennai,"[13.0827,80.2707]",[‘assets/default.png’],Spend some awesome time during the weekend,Enjoy your weekend by visiting this place at saturday morning,218:00 am to 9:00 pm,"No 2/2, 2nd avenue, Chennai",Ph: 0451,Near by restaurants,
St. Mary's Church,George Town,Attractions,Temples & Architecture,Chennai,"[13.0827,80.2707]",[‘assets/default.png’],Spend some awesome time during the weekend,Enjoy your weekend by visiting this place at saturday morning,219:00 am to 9:00 pm,"No 2/2, 2nd avenue, Chennai",Ph: 0452,Near by restaurants,
St. Thomas Mount,St. Thomas Mount,Attractions,Temples & Architecture,Chennai,"[13.0827,80.2707]",[‘assets/default.png’],Spend some awesome time during the weekend,Enjoy your weekend by visiting this place at saturday morning,220:00 am to 9:00 pm,"No 2/2, 2nd avenue, Chennai",Ph: 0453,Near by restaurants,
Thousand Lights Mosque,Thousand Lights,Attractions,Temples & Architecture,Chennai,"[13.0827,80.2707]",[‘assets/default.png’],Spend some awesome time during the weekend,Enjoy your weekend by visiting this place at saturday morning,221:00 am to 9:00 pm,"No 2/2, 2nd avenue, Chennai",Ph: 0454,Near by restaurants,
Vadapalani Andavar Temple,Vadapalani,Attractions,Temples & Architecture,Chennai,"[13.0827,80.2707]",[‘assets/default.png’],Spend some awesome time during the weekend,Enjoy your weekend by visiting this place at saturday morning,222:00 am to 9:00 pm,"No 2/2, 2nd avenue, Chennai",Ph: 0455,Near by restaurants,
Marina Beach,Marina Beach,Attractions,Other Attractions,Chennai,"[13.0827,80.2707]",[‘assets/default.png’],Spend some awesome time during the weekend,Enjoy your weekend by visiting this place at saturday morning,223:00 am to 9:00 pm,"No 2/2, 2nd avenue, Chennai",Ph: 0456,Near by restaurants,
Thiruvanmiyur Beach,Thiruvanmiyur,Attractions,Other Attractions,Chennai,"[13.0827,80.2707]",[‘assets/default.png’],Spend some awesome time during the weekend,Enjoy your weekend by visiting this place at saturday morning,224:00 am to 9:00 pm,"No 2/2, 2nd avenue, Chennai",Ph: 0457,Near by restaurants,
Elliot's Beach,Adyar,Attractions,Other Attractions,Chennai,"[13.0827,80.2707]",[‘assets/default.png’],Spend some awesome time during the weekend,Enjoy your weekend by visiting this place at saturday morning,225:00 am to 9:00 pm,"No 2/2, 2nd avenue, Chennai",Ph: 0458,Near by restaurants,
Covenlong Beach,Covelong,Attractions,Other Attractions,Chennai,"[13.0827,80.2707]",[‘assets/default.png’],Spend some awesome time during the weekend,Enjoy your weekend by visiting this place at saturday morning,226:00 am to 9:00 pm,"No 2/2, 2nd avenue, Chennai",Ph: 0459,Near by restaurants,
VGP Golden Beach,ECR,Attractions,Other Attractions,Chennai,"[13.0827,80.2707]",[‘assets/default.png’],Spend some awesome time during the weekend,Enjoy your weekend by visiting this place at saturday morning,227:00 am to 9:00 pm,"No 2/2, 2nd avenue, Chennai",Ph: 0451,Near by restaurants,
Mahabalipuram Beach,Mahabalipuram,Attractions,Other Attractions,Chennai,"[13.0827,80.2707]",[‘assets/default.png’],Spend some awesome time during the weekend,Enjoy your weekend by visiting this place at saturday morning,228:00 am to 9:00 pm,"No 2/2, 2nd avenue, Chennai",Ph: 0452,Near by restaurants,
Guindy National Park,Guindy,Attractions,Other Attractions,Chennai,"[13.0827,80.2707]",[‘assets/default.png’],Spend some awesome time during the weekend,Enjoy your weekend by visiting this place at saturday morning,229:00 am to 9:00 pm,"No 2/2, 2nd avenue, Chennai",Ph: 04410,Near by restaurants,
Crocodile Bank,ECR,Attractions,Other Attractions,Chennai,"[13.0827,80.2707]",[‘assets/default.png’],Spend some awesome time during the weekend,Enjoy your weekend by visiting this place at saturday morning,230:00 am to 9:00 pm,"No 2/2, 2nd avenue, Chennai",Ph: 0451,Near by restaurants,
Arignar Anna Zoological Park,Vandalur,Attractions,Other Attractions,Chennai,"[13.0827,80.2707]",[‘assets/default.png’],Spend some awesome time during the weekend,Enjoy your weekend by visiting this place at saturday morning,231:00 am to 9:00 pm,"No 2/2, 2nd avenue, Chennai",Ph: 0452,Near by restaurants,
Chetpet - Eco Park,Chetpet,Attractions,Other Attractions,Chennai,"[13.0827,80.2707]",[‘assets/default.png’],Spend some awesome time during the weekend,Enjoy your weekend by visiting this place at saturday morning,232:00 am to 9:00 pm,"No 2/2, 2nd avenue, Chennai",Ph: 0453,Near by restaurants,
Semmozhi Poonga,Teynampet,Attractions,Other Attractions,Chennai,"[13.0827,80.2707]",[‘assets/default.png’],Spend some awesome time during the weekend,Enjoy your weekend by visiting this place at saturday morning,233:00 am to 9:00 pm,"No 2/2, 2nd avenue, Chennai",Ph: 0454,Near by restaurants,
Tholkappia Poonga,Adyar,Attractions,Other Attractions,Chennai,"[13.0827,80.2707]",[‘assets/default.png’],Spend some awesome time during the weekend,Enjoy your weekend by visiting this place at saturday morning,234:00 am to 9:00 pm,"No 2/2, 2nd avenue, Chennai",Ph: 0455,Near by restaurants,
Anna Nagar Tower Park,Anna Nagar,Attractions,Other Attractions,Chennai,"[13.0827,80.2707]",[‘assets/default.png’],Spend some awesome time during the weekend,Enjoy your weekend by visiting this place at saturday morning,235:00 am to 9:00 pm,"No 2/2, 2nd avenue, Chennai",Ph: 0456,Near by restaurants,
Valluvar Kottam,Nungambakkam,Attractions,Other Attractions,Chennai,"[13.0827,80.2707]",[‘assets/default.png’],Spend some awesome time during the weekend,Enjoy your weekend by visiting this place at saturday morning,236:00 am to 9:00 pm,"No 2/2, 2nd avenue, Chennai",Ph: 0457,Near by restaurants,
Cholamandalam Artist Village,ECR,Attractions,Other Attractions,Chennai,"[13.0827,80.2707]",[‘assets/default.png’],Spend some awesome time during the weekend,Enjoy your weekend by visiting this place at saturday morning,237:00 am to 9:00 pm,"No 2/2, 2nd avenue, Chennai",Ph: 0458,Near by restaurants,
Dakshinchitra,ECR,Attractions,Other Attractions,Chennai,"[13.0827,80.2707]",[‘assets/default.png’],Spend some awesome time during the weekend,Enjoy your weekend by visiting this place at saturday morning,238:00 am to 9:00 pm,"No 2/2, 2nd avenue, Chennai",Ph: 0459,Near by restaurants,
Theosophical Society,Adyar,Attractions,Other Attractions,Chennai,"[13.0827,80.2707]",[‘assets/default.png’],Spend some awesome time during the weekend,Enjoy your weekend by visiting this place at saturday morning,239:00 am to 9:00 pm,"No 2/2, 2nd avenue, Chennai",Ph: 0451,Near by restaurants,
Muttukadu Boat House,Muttukadu,Attractions,Other Attractions,Chennai,"[13.0827,80.2707]",[‘assets/default.png’],Spend some awesome time during the weekend,Enjoy your weekend by visiting this place at saturday morning,240:00 am to 9:00 pm,"No 2/2, 2nd avenue, Chennai",Ph: 0452,Near by restaurants,
Kambakkam - Rock Climbing,Kambakkam,Attractions,Other Attractions,Chennai,"[13.0827,80.2707]",[‘assets/default.png’],Spend some awesome time during the weekend,Enjoy your weekend by visiting this place at saturday morning,241:00 am to 9:00 pm,"No 2/2, 2nd avenue, Chennai",Ph: 0453,Near by restaurants,
ATV Rides,ECR,Attractions,Other Attractions,Chennai,"[13.0827,80.2707]",[‘assets/default.png’],Spend some awesome time during the weekend,Enjoy your weekend by visiting this place at saturday morning,242:00 am to 9:00 pm,"No 2/2, 2nd avenue, Chennai",Ph: 0454,Near by restaurants,
Ubbalamadugu Falls,Tada,Attractions,Other Attractions,Chennai,"[13.0827,80.2707]",[‘assets/default.png’],Spend some awesome time during the weekend,Enjoy your weekend by visiting this place at saturday morning,243:00 am to 9:00 pm,"No 2/2, 2nd avenue, Chennai",Ph: 0455,Near by restaurants,
Ramakrishna Math,Mylapore,Attractions,Other Attractions,Chennai,"[13.0827,80.2707]",[‘assets/default.png’],Spend some awesome time during the weekend,Enjoy your weekend by visiting this place at saturday morning,244:00 am to 9:00 pm,"No 2/2, 2nd avenue, Chennai",Ph: 0456,Near by restaurants,
Nettukuppam Beach,Nettukuppam,Attractions,Other Attractions,Chennai,"[13.0827,80.2707]",[‘assets/default.png’],Spend some awesome time during the weekend,Enjoy your weekend by visiting this place at saturday morning,245:00 am to 9:00 pm,"No 2/2, 2nd avenue, Chennai",Ph: 0457,Near by restaurants,
Tiruvottiyur Beach,Tiruvottiyur,Attractions,Other Attractions,Chennai,"[13.0827,80.2707]",[‘assets/default.png’],Spend some awesome time during the weekend,Enjoy your weekend by visiting this place at saturday morning,246:00 am to 9:00 pm,"No 2/2, 2nd avenue, Chennai",Ph: 0458,Near by restaurants,
Royapuram Fishing Harbour,Royapuram,Attractions,Other Attractions,Chennai,"[13.0827,80.2707]",[‘assets/default.png’],Spend some awesome time during the weekend,Enjoy your weekend by visiting this place at saturday morning,247:00 am to 9:00 pm,"No 2/2, 2nd avenue, Chennai",Ph: 0459,Near by restaurants,
Alamparai Fort,Pondicherry,Attractions,Other Attractions,Chennai,"[13.0827,80.2707]",[‘assets/default.png’],Spend some awesome time during the weekend,Enjoy your weekend by visiting this place at saturday morning,248:00 am to 9:00 pm,"No 2/2, 2nd avenue, Chennai",Ph: 0460,Near by restaurants,
Thalunkuppam Pier,Thalankuppam,Attractions,Other Attractions,Chennai,"[13.0827,80.2707]",[‘assets/default.png’],Spend some awesome time during the weekend,Enjoy your weekend by visiting this place at saturday morning,249:00 am to 9:00 pm,"No 2/2, 2nd avenue, Chennai",Ph: 0452,Near by restaurants,
Pulicat Lake,Pulicat,Attractions,Other Attractions,Chennai,"[13.0827,80.2707]",[‘assets/default.png’],Spend some awesome time during the weekend,Enjoy your weekend by visiting this place at saturday morning,250:00 am to 9:00 pm,"No 2/2, 2nd avenue, Chennai",Ph: 0453,Near by restaurants,
Fort St. George,George Town,Attractions,Other Attractions,Chennai,"[13.0827,80.2707]",[‘assets/default.png’],Spend some awesome time during the weekend,Enjoy your weekend by visiting this place at saturday morning,251:00 am to 9:00 pm,"No 2/2, 2nd avenue, Chennai",Ph: 04411,Near by restaurants,
Kalakshetra Foundation,Thiruvanmiyur,Attractions,Other Attractions,Chennai,"[13.0827,80.2707]",[‘assets/default.png’],Spend some awesome time during the weekend,Enjoy your weekend by visiting this place at saturday morning,252:00 am to 9:00 pm,"No 2/2, 2nd avenue, Chennai",Ph: 0452,Near by restaurants,
Birla Planetorium,Kotturpuram,Attractions,Other Attractions,Chennai,"[13.0827,80.2707]",[‘assets/default.png’],Spend some awesome time during the weekend,Enjoy your weekend by visiting this place at saturday morning,253:00 am to 9:00 pm,"No 2/2, 2nd avenue, Chennai",Ph: 0453,Near by restaurants,
Maha Bodhi Society of Sri Lanka,Egmore,Attractions,Other Attractions,Chennai,"[13.0827,80.2707]",[‘assets/default.png’],Spend some awesome time during the weekend,Enjoy your weekend by visiting this place at saturday morning,254:00 am to 9:00 pm,"No 2/2, 2nd avenue, Chennai",Ph: 0454,Near by restaurants,
Connemara Library,Egmore,Attractions,Other Attractions,Chennai,"[13.0827,80.2707]",[‘assets/default.png’],Spend some awesome time during the weekend,Enjoy your weekend by visiting this place at saturday morning,255:00 am to 9:00 pm,"No 2/2, 2nd avenue, Chennai",Ph: 0455,Near by restaurants,
MGR Film City,Taramani,Attractions,Other Attractions,Chennai,"[13.0827,80.2707]",[‘assets/default.png’],Spend some awesome time during the weekend,Enjoy your weekend by visiting this place at saturday morning,256:00 am to 9:00 pm,"No 2/2, 2nd avenue, Chennai",Ph: 0456,Near by restaurants,
Regional Rail Museum,Anna Nagar West,Attractions,Other Attractions,Chennai,"[13.0827,80.2707]",[‘assets/default.png’],Spend some awesome time during the weekend,Enjoy your weekend by visiting this place at saturday morning,257:00 am to 9:00 pm,"No 2/2, 2nd avenue, Chennai",Ph: 0457,Near by restaurants,
Vivekananda House,Triplicane,Attractions,Other Attractions,Chennai,"[13.0827,80.2707]",[‘assets/default.png’],Spend some awesome time during the weekend,Enjoy your weekend by visiting this place at saturday morning,258:00 am to 9:00 pm,"No 2/2, 2nd avenue, Chennai",Ph: 0458,Near by restaurants,
Amir Mahal,Royapettah,Attractions,Other Attractions,Chennai,"[13.0827,80.2707]",[‘assets/default.png’],Spend some awesome time during the weekend,Enjoy your weekend by visiting this place at saturday morning,259:00 am to 9:00 pm,"No 2/2, 2nd avenue, Chennai",Ph: 0459,Near by restaurants,
Vedanthangal,Madurantakam,Attractions,Other Attractions,Chennai,"[13.0827,80.2707]",[‘assets/default.png’],Spend some awesome time during the weekend,Enjoy your weekend by visiting this place at saturday morning,260:00 am to 9:00 pm,"No 2/2, 2nd avenue, Chennai",Ph: 0460,Near by restaurants,
Anglers Fishing Tackles,,Adventures,Activities,Chennai,"[13.0827,80.2707]",[‘assets/default.png’],Spend some awesome time during the weekend,Enjoy your weekend by visiting this place at saturday morning,261:00 am to 9:00 pm,"No 2/2, 2nd avenue, Chennai",Ph: 0452,Near by restaurants,
Barracuda Bay Sport Fishing,,Adventures,Activities,Chennai,"[13.0827,80.2707]",[‘assets/default.png’],Spend some awesome time during the weekend,Enjoy your weekend by visiting this place at saturday morning,262:00 am to 9:00 pm,"No 2/2, 2nd avenue, Chennai",Ph: 0453,Near by restaurants,
Bluewaters Sport Fishing,,Adventures,Activities,Chennai,"[13.0827,80.2707]",[‘assets/default.png’],Spend some awesome time during the weekend,Enjoy your weekend by visiting this place at saturday morning,263:00 am to 9:00 pm,"No 2/2, 2nd avenue, Chennai",Ph: 0454,Near by restaurants,
Bowling Skywalk,,Adventures,Activities,Chennai,"[13.0827,80.2707]",[‘assets/default.png’],Spend some awesome time during the weekend,Enjoy your weekend by visiting this place at saturday morning,264:00 am to 9:00 pm,"No 2/2, 2nd avenue, Chennai",Ph: 0455,Near by restaurants,
Chetet Ecopark,,Adventures,Activities,Chennai,"[13.0827,80.2707]",[‘assets/default.png’],Spend some awesome time during the weekend,Enjoy your weekend by visiting this place at saturday morning,265:00 am to 9:00 pm,"No 2/2, 2nd avenue, Chennai",Ph: 0456,Near by restaurants,
"Chokhi Dhani,Chennai",,Adventures,Activities,Chennai,"[13.0827,80.2707]",[‘assets/default.png’],Spend some awesome time during the weekend,Enjoy your weekend by visiting this place at saturday morning,266:00 am to 9:00 pm,"No 2/2, 2nd avenue, Chennai",Ph: 0457,Near by restaurants,
ECR Speedway,,Adventures,Activities,Chennai,"[13.0827,80.2707]",[‘assets/default.png’],Spend some awesome time during the weekend,Enjoy your weekend by visiting this place at saturday morning,267:00 am to 9:00 pm,"No 2/2, 2nd avenue, Chennai",Ph: 0458,Near by restaurants,
"Ice Skating, Skywalk Mall",,Adventures,Activities,Chennai,"[13.0827,80.2707]",[‘assets/default.png’],Spend some awesome time during the weekend,Enjoy your weekend by visiting this place at saturday morning,268:00 am to 9:00 pm,"No 2/2, 2nd avenue, Chennai",Ph: 0459,Near by restaurants,
Kart Attack,,Adventures,Activities,Chennai,"[13.0827,80.2707]",[‘assets/default.png’],Spend some awesome time during the weekend,Enjoy your weekend by visiting this place at saturday morning,269:00 am to 9:00 pm,"No 2/2, 2nd avenue, Chennai",Ph: 0460,Near by restaurants,
Marina Kart Arena,,Adventures,Activities,Chennai,"[13.0827,80.2707]",[‘assets/default.png’],Spend some awesome time during the weekend,Enjoy your weekend by visiting this place at saturday morning,270:00 am to 9:00 pm,"No 2/2, 2nd avenue, Chennai",Ph: 0461,Near by restaurants,
Poseidon Sport Fishing Inc,Chennai Port,Adventures,Activities,Chennai,"[13.0827,80.2707]",[‘assets/default.png’],Spend some awesome time during the weekend,Enjoy your weekend by visiting this place at saturday morning,271:00 am to 9:00 pm,"No 2/2, 2nd avenue, Chennai",Ph: 0453,Near by restaurants,
Fishing Harbour,Royapuram,Adventures,Activities,Chennai,"[13.0827,80.2707]",[‘assets/default.png’],Spend some awesome time during the weekend,Enjoy your weekend by visiting this place at saturday morning,272:00 am to 9:00 pm,"No 2/2, 2nd avenue, Chennai",Ph: 0454,Near by restaurants,
"Snow Kingdom, VGP",ECR,Adventures,Activities,Chennai,"[13.0827,80.2707]",[‘assets/default.png’],Spend some awesome time during the weekend,Enjoy your weekend by visiting this place at saturday morning,273:00 am to 9:00 pm,"No 2/2, 2nd avenue, Chennai",Ph: 04412,Near by restaurants,
Fit Rock Arena,Pallikaranai,Adventures,Activities,Chennai,"[13.0827,80.2707]",[‘assets/default.png’],Spend some awesome time during the weekend,Enjoy your weekend by visiting this place at saturday morning,274:00 am to 9:00 pm,"No 2/2, 2nd avenue, Chennai",Ph: 0453,Near by restaurants,
Wildtrails Adventure Club,Avadi,Adventures,Activities,Chennai,"[13.0827,80.2707]",[‘assets/default.png’],Spend some awesome time during the weekend,Enjoy your weekend by visiting this place at saturday morning,275:00 am to 9:00 pm,"No 2/2, 2nd avenue, Chennai",Ph: 0454,Near by restaurants,
Art of Fishing,Mahalingapuram,Adventures,Activities,Chennai,"[13.0827,80.2707]",[‘assets/default.png’],Spend some awesome time during the weekend,Enjoy your weekend by visiting this place at saturday morning,276:00 am to 9:00 pm,"No 2/2, 2nd avenue, Chennai",Ph: 0455,Near by restaurants,
World Wide Fund for Nature,Alwarpet,Adventures,Activities,Chennai,"[13.0827,80.2707]",[‘assets/default.png’],Spend some awesome time during the weekend,Enjoy your weekend by visiting this place at saturday morning,277:00 am to 9:00 pm,"No 2/2, 2nd avenue, Chennai",Ph: 0456,Near by restaurants,
Tarsha Water Sports,ECR,Adventures,Activities,Chennai,"[13.0827,80.2707]",[‘assets/default.png’],Spend some awesome time during the weekend,Enjoy your weekend by visiting this place at saturday morning,278:00 am to 9:00 pm,"No 2/2, 2nd avenue, Chennai",Ph: 0457,Near by restaurants,
Akshara Creations,Neelankarai,Art Galleries,Art Galleries,Chennai,"[13.0827,80.2707]",[‘assets/default.png’],Spend some awesome time during the weekend,Enjoy your weekend by visiting this place at saturday morning,279:00 am to 9:00 pm,"No 2/2, 2nd avenue, Chennai",Ph: 0458,Near by restaurants,
Apparao Galleries,Nungambakkam,Art Galleries,Art Galleries,Chennai,"[13.0827,80.2707]",[‘assets/default.png’],Spend some awesome time during the weekend,Enjoy your weekend by visiting this place at saturday morning,280:00 am to 9:00 pm,"No 2/2, 2nd avenue, Chennai",Ph: 0459,Near by restaurants,
C P Art centre,Alwarpet,Art Galleries,Art Galleries,Chennai,"[13.0827,80.2707]",[‘assets/default.png’],Spend some awesome time during the weekend,Enjoy your weekend by visiting this place at saturday morning,281:00 am to 9:00 pm,"No 2/2, 2nd avenue, Chennai",Ph: 0460,Near by restaurants,
Cholamandal Artists Village,Injambakkam,Art Galleries,Art Galleries,Chennai,"[13.0827,80.2707]",[‘assets/default.png’],Spend some awesome time during the weekend,Enjoy your weekend by visiting this place at saturday morning,282:00 am to 9:00 pm,"No 2/2, 2nd avenue, Chennai",Ph: 0461,Near by restaurants,
Focus Art Gallery,Alwarpet,Art Galleries,Art Galleries,Chennai,"[13.0827,80.2707]",[‘assets/default.png’],Spend some awesome time during the weekend,Enjoy your weekend by visiting this place at saturday morning,283:00 am to 9:00 pm,"No 2/2, 2nd avenue, Chennai",Ph: 0453,Near by restaurants,
Forum Art Gallery,Adyar,Art Galleries,Art Galleries,Chennai,"[13.0827,80.2707]",[‘assets/default.png’],Spend some awesome time during the weekend,Enjoy your weekend by visiting this place at saturday morning,284:00 am to 9:00 pm,"No 2/2, 2nd avenue, Chennai",Ph: 0454,Near by restaurants,
Institute of Art & Design,Adyar,Art Galleries,Art Galleries,Chennai,"[13.0827,80.2707]",[‘assets/default.png’],Spend some awesome time during the weekend,Enjoy your weekend by visiting this place at saturday morning,285:00 am to 9:00 pm,"No 2/2, 2nd avenue, Chennai",Ph: 0455,Near by restaurants,
La Galerie D'Expression,Egmore,Art Galleries,Art Galleries,Chennai,"[13.0827,80.2707]",[‘assets/default.png’],Spend some awesome time during the weekend,Enjoy your weekend by visiting this place at saturday morning,286:00 am to 9:00 pm,"No 2/2, 2nd avenue, Chennai",Ph: 0441,Near by restaurants,
Lakshmi Ethiraj Art Gallery,CIT Nagar,Art Galleries,Art Galleries,Chennai,"[13.0827,80.2707]",[‘assets/default.png’],Spend some awesome time during the weekend,Enjoy your weekend by visiting this place at saturday morning,287:00 am to 9:00 pm,"No 2/2, 2nd avenue, Chennai",Ph: 0442,Near by restaurants,
Live The Art,Kodambakkam,Art Galleries,Art Galleries,Chennai,"[13.0827,80.2707]",[‘assets/default.png’],Spend some awesome time during the weekend,Enjoy your weekend by visiting this place at saturday morning,288:00 am to 9:00 pm,"No 2/2, 2nd avenue, Chennai",Ph: 0443,Near by restaurants,
Mamta Creations,Perungudi,Art Galleries,Art Galleries,Chennai,"[13.0827,80.2707]",[‘assets/default.png’],Spend some awesome time during the weekend,Enjoy your weekend by visiting this place at saturday morning,289:00 am to 9:00 pm,"No 2/2, 2nd avenue, Chennai",Ph: 0444,Near by restaurants,
Olivia Art and Craft,Perumbakkam,Art Galleries,Art Galleries,Chennai,"[13.0827,80.2707]",[‘assets/default.png’],Spend some awesome time during the weekend,Enjoy your weekend by visiting this place at saturday morning,290:00 am to 9:00 pm,"No 2/2, 2nd avenue, Chennai",Ph: 0445,Near by restaurants,
Studio Palazzo,Alwarpet,Art Galleries,Art Galleries,Chennai,"[13.0827,80.2707]",[‘assets/default.png’],Spend some awesome time during the weekend,Enjoy your weekend by visiting this place at saturday morning,291:00 am to 9:00 pm,"No 2/2, 2nd avenue, Chennai",Ph: 0441,Near by restaurants,
Anila Art and Craft,Gopalapuram,Art Galleries,Art Galleries,Chennai,"[13.0827,80.2707]",[‘assets/default.png’],Spend some awesome time during the weekend,Enjoy your weekend by visiting this place at saturday morning,292:00 am to 9:00 pm,"No 2/2, 2nd avenue, Chennai",Ph: 0442,Near by restaurants,
